{"cameraMode":{"drawMode":0,"name":"Shaded","section":"Shading Mode"},"sceneLighting":false,"audioPlay":false,"sceneViewState":{"showFog":true,"showMaterialUpdate":false,"showSkybox":true,"showFlares":true,"showImageEffects":true,"showParticleSystems":true},"in2DMode":false,"pivot":{"x":0.0000017881393432617188,"y":1.4133654832839966,"z":-0.05986255407333374},"rotation":{"x":0.22230948507785798,"y":-0.7232532501220703,"z":0.27002039551734927,"w":0.5954596996307373},"size":7.430691719055176,"orthographic":false}