{"cameraMode":{"drawMode":0,"name":"Shaded","section":"Shading Mode"},"sceneLighting":false,"audioPlay":false,"sceneViewState":{"showFog":true,"showMaterialUpdate":false,"showSkybox":true,"showFlares":true,"showImageEffects":true,"showParticleSystems":true},"in2DMode":false,"pivot":{"x":-0.12515930831432343,"y":26.711807250976564,"z":73.32353973388672},"rotation":{"x":0.0008312806603498757,"y":0.9912399053573608,"z":-0.13192367553710938,"w":0.006245005410164595},"size":-63.27009963989258,"orthographic":false}